,PCA1,PCA2,PCA3,PCA4,PCA5,PCA6,PCA7,PCA8,PCA9
0,9.51558699461086,4.225651095212824,5.461081391937982,-3.8442385199920115,0.5391695198390659,-0.3486215757439183,0.10926864557889461,1.0008014864796522,-3.4473616911100615
1,8.806117840480857,4.912167381920501,6.358533082633021,-0.9943991381192473,-1.7258286454580807,-1.000959366003714,0.6629922132476905,3.048139606131092,-2.109795488076287
2,9.01575932792055,-5.14810643043713,11.7437050557607,5.148464790330369,4.401448123785123,10.951837830100397,4.112547902048608,-2.0796505834286085,-0.9957279213835187
3,9.27136027438063,-5.732608243172258,8.434221499237482,5.058370410840391,-4.063585923049878,1.5115391363691357,2.4368025977630015,-7.6967556878406285,3.507807588967282
4,11.715416773493107,0.9954270406444696,9.116599379882665,4.265955524502972,-5.241040108320449,-0.8241226862348209,-0.10572732211305566,-2.9479522281962525,0.23889901503061534
5,12.994426375422568,3.9299762275783245,8.476234316232482,0.006460549945103399,-2.4447949920242125,4.8429332278221064,-2.051223188257402,1.8068864497635517,-5.504852279848556
6,10.952634366091374,-0.7421004242392747,12.170172383636219,4.428450563348445,1.3807418524410933,8.888919714462146,2.0114033176229733,-2.2826944430239804,-2.8191458700237924
7,8.24275376463167,1.1964627410443174,7.196463844135734,3.4704090356032373,-2.242817659849853,5.864968705807332,3.048249829950462,0.08348960637626329,-2.1127820573929386
8,9.089015386521302,3.7914326659056607,5.449494026450269,-1.8482363260113204,-2.517711508243937,3.9483024220317846,-1.9562729208740346,2.129804103286201,-2.8370877344175605
9,9.168940601746721,3.8165280048419468,8.04800632379848,-2.1207060828993836,0.9544190674356176,2.4106907261691126,-0.010104533312163147,-1.399550632113233,-2.3038635018799014
10,9.191910364676103,-1.8420277030623633,7.804092971557957,0.16970545552496621,-0.016518525675731664,-7.230143601427646,0.3547524628101783,-7.256064029692321,0.9420773228046295
11,9.90835679136632,-7.178917297524271,11.310935241329048,4.766624699360408,2.958645303036358,-6.529366128687968,-0.6893885571711194,-8.840930104081936,0.9155589704421029
12,8.065871014165333,-7.4269970629443165,7.042367034156203,5.254865834126114,-1.046936492613037,-5.187188854761194,2.006390367656636,-7.819664319358828,0.09374326763617219
13,8.30525605327213,-3.966562009046907,7.505549947709973,3.8841031133090116,-0.6572278289407455,-6.401780995156324,0.502898858001679,-8.548843487223856,0.7591389173238481
14,9.604989434303027,-1.576723199060005,8.193593976642314,-1.1029281472842256,-2.8540187532241497,-2.716742861438934,3.450774653499636,-10.69660287550561,-0.38081877043275775
15,8.436402833365365,2.261014051833172,6.234606470508691,0.1875865950531184,1.5334860433581883,-2.820593633376646,0.8893384010633667,-4.04010599234879,-3.0043154682297306
16,7.8759690356741086,1.4128861593039834,6.856237141492236,0.781849735150559,3.0569495010321086,-4.7033554674539335,-1.4740495779503053,-1.5082429936030257,-1.209554871622415
17,8.43759974920044,0.5267444796669452,8.056558656929745,0.09541327014359993,2.6798212943240496,-5.110178628843655,-4.873259538193859,0.12026094065832492,0.8334030083082002
18,8.358890493981976,-0.45181348542012706,4.508239128852126,-1.2580364413441074,0.3966250743774387,-4.406373764666141,-3.4911269441832844,0.4349595029994591,0.5921942647461296
19,10.1278636028411,-0.9875058558435719,7.08463978383397,-1.7187827676253724,-0.20444561052439963,-3.6282319797583513,-3.846229637638017,1.121767425397403,0.6964438356873276
20,6.166380178721711,6.225363068343721,5.307608848234426,-2.031404111331299,5.108940702901857,-2.1636138580917947,-1.1258171471422052,1.7925836901888708,-3.066935700245982
21,6.233732064537057,5.5132532732340165,8.206976205006248,-2.068869674908104,6.738067892835011,-4.035035806019817,-0.929710535188625,-1.0136245023625992,-1.6735389589467895
22,7.262020844642554,4.329137026161963,8.103669774821423,-2.607831133887217,4.604107079076334,-3.0434952475553145,-2.284459101033577,-2.1211516774951753,-0.32921080701044847
23,8.212295000418367,2.961289752005256,8.13878693038444,0.42468828280303544,4.244471361044696,-6.817597300170382,1.7419822008817796,-2.542602129977786,-2.469630531441326
24,9.446664874148738,1.3550434517001464,7.846464040838691,-3.6681010201295976,1.4859844420237014,-3.694706026139405,-4.459410114560842,-1.8121706775263595,1.849769401439316
25,11.522423564368891,0.5115286774379244,8.68781498040461,-2.8193900844288042,-0.26339223093852837,-4.254313162042149,-5.9953950501841735,-0.20468462436754364,3.117632355383929
26,11.38220283933914,1.5128671402511416,5.628893907668812,-3.2390013473444714,-0.9012799627779741,-2.4970509503968863,-6.736610771707371,2.3018101837586586,1.940875076829112
27,10.658699526097186,2.862026687707801,7.418213871216852,-3.361769813060953,-0.8437822531824443,-2.5165140459763022,-6.440380243048173,2.8546123420604688,1.3225039385997384
28,9.988777979625333,3.9808135817232353,6.560724143575552,-4.4117050533730096,-0.7325278555077037,-2.3800593916910096,-3.9262674942999625,2.392959129262206,0.5563254538819605
29,10.94402547019765,5.4358369768912365,5.605638078415249,-3.3780988868660202,-1.8545200393764676,-1.6212489672771009,-3.3049185177515628,4.54781249878949,-1.9341454454972364
30,8.231041772622136,-0.4967785474112248,10.031123259538933,0.756999484654054,2.2472755734933334,-0.7360576414289015,2.9033750271703997,-2.8162478050614057,-0.5531055223925964
31,8.279137472065011,-2.2082257743010247,7.379816627677013,-2.483750012276768,0.8981106687472742,0.94933935223392,-0.9525648133474142,0.06864929482160134,1.352480832060137
32,5.768895522391278,-3.746108619584723,6.826721157247372,-1.5142184938948449,2.279148078591149,-1.827708913283517,-0.3827845652060344,-3.3381912941851146,2.696776615426521
33,5.757571086491497,-3.0199338477317768,7.202997287723303,0.6271899650384348,0.9406139056603242,-1.7247592629827797,0.5952663561608061,-3.432799755259194,1.3421322249190333
34,7.504334218807877,-1.1836250526216119,7.132795889745971,0.3779207094361093,1.181681601267212,-0.01985025008682522,3.7598705083120847,-2.245568625312473,-0.4438283857418494
35,6.9232052974789555,-1.437630380297886,6.828641645696462,0.7710014263749174,1.428759080427535,2.5503440337518626,0.056145279948114316,0.859646881241188,3.209507354645889
36,8.565881311524025,0.6448782535455172,6.135965519570467,2.0534854952964694,-2.57197029926447,0.6090447298084269,2.332815957108809,-0.48555822684467403,2.637258564307586
37,10.651367007269592,4.245705125531032,6.301554002931361,-0.023427522094374414,-5.634626061593971,0.8853497349478943,0.2543247106060158,0.3809306973794965,-0.9955281889166928
38,11.724276538894257,9.545115898276096,4.938490113090233,-1.4965097589448555,-4.917873706728432,-0.7018011336026008,-6.00125563063198,3.2937884924991314,0.21250097009834273
39,12.657893004403148,10.213761294413226,6.40382983552908,-2.4409050358685036,1.5205729785556081,-0.34640273549170436,-6.176695798214465,2.356578098284375,1.1024697752863706
40,6.372276750826665,-3.1242797774620716,9.908691871365129,2.8247938014790828,0.9909581461498608,0.6826546727248028,7.968831740359727,0.183610215166341,6.617055757436205
41,5.196834087934315,-5.911697261133376,6.767575291384183,3.2859550829186888,5.831950821348575,4.918759043001055,3.9395931382114275,-1.0629246396691274,2.6585560693842547
42,3.2020082829427277,-3.219552577232147,7.908223831169674,3.572814377804342,4.603755946045117,3.56855758639522,7.9038674519854215,1.0070081742196129,7.132212808485183
43,4.9561025893382675,-0.6868402454613278,7.623333574095578,-0.1305633176992814,0.25025449323213383,-2.3224371047525,4.783143886318526,6.298934577817676,14.493909144393044
44,7.987323461648108,4.324511706189988,7.341240409761926,0.6183267560224961,-4.3401614186113795,-5.197273239102428,6.6765871709121685,10.92916528146994,4.131716366178789
45,7.2443484079948055,9.11038188233538,5.30272434273903,-0.14008889864222013,-4.001808355883211,-1.9569436087089145,3.7026203938188678,16.58069935320939,-1.435872489264806
46,6.608479322212999,8.370847556539887,5.5611635638166454,-0.0673546064458024,-2.9271439258482754,-3.236613107915749,7.75226076678333,15.581532824740652,0.9768355283682432
47,7.202558230167889,4.838731462694409,5.615763322422785,-1.1571897717947084,-0.8843389365912475,-3.6557428307816675,3.5704514444912228,8.571366121172248,1.3522144409363495
48,8.022566386473569,1.7371654403159569,10.172176625729978,-0.0013130250315201272,-2.7839611348802618,-2.9836809076994197,8.017536156878057,2.7099269993906,9.625037160716154
49,7.794425039953143,-0.7635242396323922,9.15309889278042,1.8572308162704216,0.7165167943549704,5.301064986703307,6.0263857786325605,3.395733828186245,5.048788272137588
50,15.817640093801487,13.577292381116745,4.923357762347815,-0.46711686070678216,-3.760987598999905,2.0762055334279292,-4.708801618437873,4.830972445329304,-9.540872937344858
51,16.31532272330603,12.797115243346239,5.005305411663254,-0.17427869369459834,-4.422870903159583,1.0775210957879602,-2.626812815764964,2.366602933327581,-8.573178230901433
52,16.025452313139876,9.586274515791708,3.54128628382868,-3.0439933488510147,-3.181690149846456,2.2228525690466823,-4.918301695096951,0.9090837991597275,-6.261428393327878
53,14.451143832307627,3.7530522219129328,6.191313207488533,-3.1578898717601622,-1.530515741827359,3.273541751979613,-4.55400452854956,-3.089524593345475,-2.127712012683824
54,11.856783889182749,1.4572806820809583,6.4175642881532005,-1.7637707062208883,-0.9836322180649046,4.065730047749637,-4.692915310558488,-2.886278939726872,-1.3144985170729917
55,10.397689754028315,-0.08163284450738736,7.136230711213979,0.2027000785583171,-3.139231029962533,5.53477216058608,-1.3615587789157588,-3.1633096333806208,-0.6441665061699923
56,9.297021864368238,2.8952329904635468,4.401601749076038,-2.6582534503070536,-1.674581643138744,3.721475687134823,-3.8404639150221582,-1.6981776844652174,-2.044470281475094
57,8.814387813788557,1.9053797784201967,5.640424686266856,-3.2010465563487616,-0.5431635365770894,3.8659688735031517,-2.57149301508248,-3.810980200049768,-0.8697186551348921
58,6.807497006343839,-0.30252047670188353,4.442987933362469,-1.1889290014988059,3.0114480400602845,4.020592764033627,-2.4262610756939957,-2.016821376965398,-0.5732064118128395
59,7.79932279928481,2.7694215618661953,4.495522909976226,-0.4253005578811481,-3.063346156075145,1.3803511243611224,0.38278187692198656,-1.559498636585708,-1.2759577795557566
60,6.95201424402633,-3.5395029737901997,-3.7780215539585615,-0.03972084925726924,-1.1649287836045508,-1.0335289631975313,-1.5325920802285777,0.8014561488930865,-0.24477631221404492
61,7.0107128432174015,-3.394402894711796,-3.3759222110859537,-1.0072001244852444,-2.4889054540268427,-0.322036777717022,-0.9567365483825322,0.8982917578231133,-0.021156160916871836
62,7.038147672814496,-2.0601996160505447,-4.019086449274634,-1.1977536478808035,-1.7490693584022046,-0.29256468681782094,-1.105985523133604,0.3382975818018087,1.0571121531804415
63,7.374570393593606,-1.9277732923097393,-3.743970410435566,-0.6559893667668143,-1.8374455269471601,0.3496879227019643,-1.002153885539323,0.0833012949043769,1.2336907083185205
64,7.482666090484804,-1.6341020406932758,-4.196710170414224,-1.271835146086943,-1.2642866097518095,0.08687878942082171,-1.4197153578624118,0.3426698900771727,1.560787353261299
65,8.198137297051497,-2.085512570244444,-4.180495789654578,-1.8348217682746688,-2.1466820764345327,-0.35673159569641444,-0.4855295013736078,-0.3123483337800889,0.29411975223749615
66,8.14109520788023,-1.8364445096157662,-4.219172971600899,-0.8052494013134203,0.6288418867324801,-0.05408073842760027,-1.843918331780167,-0.10550557183745446,1.1189107859368015
67,8.838882738807259,-0.5533619963410732,-4.975815619998173,-1.0532296383478943,0.05654625546738427,-1.9001921085529738,-1.9746779429704768,-0.6476390044320326,1.4789686900769914
68,8.705841109247906,1.5122907028453765,-5.415836557634488,-1.6465552979675733,0.0195989427647672,-1.735528858366801,-1.2266472094014604,-0.8032980272343079,1.2465538246030003
69,8.736986280076524,1.471622054846325,-4.804773983372447,-1.4439239283257255,-0.07627002861962535,0.13424606387538604,-0.13185488880344992,-1.1123761355941881,0.6303210112398698
70,8.911922824954514,-0.31734324425969845,-3.8906059989541206,-0.21530442704194377,2.729336094125089,3.3809685695234077,1.165970135718225,-0.7040542873002372,-0.8200209473932593
71,8.331899334530101,-2.9241186347491976,-2.761254114244795,0.2662220415600275,0.7326606560891763,2.367994374890446,1.688053309527175,0.27914900280524224,-0.5762056109409468
72,7.3622861240509785,-1.4808447310944741,-3.44271729352604,0.13816599639913207,0.1722537808830893,2.048331460306472,0.9037046186681024,-0.25529233644303573,-0.19759030735875804
73,8.238587967247794,-1.6859591064706692,-3.574602110996713,-0.36626626014025326,-0.5903183104505144,1.0964820837424993,-0.9135395190936731,0.3970827050270416,0.998200190909947
74,9.11265676272588,2.505894929956544,-5.218119149752558,-1.8300068942897323,0.6076217936385716,1.8088280448422074,-2.166626081971625,-0.5871264869429746,1.920162998569713
75,10.18432245311485,1.540037210000074,-5.040977671416232,-1.4465323058504678,0.4839783614215616,3.3132537071088373,-2.232275698883899,-0.2808301590815551,0.7782692036838755
76,9.921923044919971,-0.26128439873157216,-5.039745715088595,-2.154254218426238,-0.7461074415973394,2.514797558082401,-0.9464041821138566,-0.39470976113477424,-0.892743563738382
77,8.69952202345007,0.2997699179232408,-3.6806528743092577,-1.9241449541884195,0.781915899498239,3.867551989858926,-0.1425048364817024,-0.27917681090504776,-1.3129886989157733
78,7.277571774686281,-2.307445304434167,-2.5229005961371693,1.3767471136539668,3.9989972712808504,4.153953774938973,-0.6910453668429896,0.7223392566217747,-1.1083072144356096
79,5.137445072683828,-4.136767227244741,-1.6504901960512106,5.114289559248826,5.026548203554501,0.44434821713868244,-0.8046336497470077,1.840669150342055,-2.1183286659789946
80,3.7051500725365365,-7.333372170852386,-0.680399982893669,8.398954561068527,3.160709919115208,-0.7429748196683373,-0.8970626338785034,3.0716330732137167,-2.6774977319820272
81,4.003500522445261,-6.713127167817661,-1.7928454629147854,5.3213371707167365,-0.9519671015785651,-1.704910909402499,0.13499760099292646,1.4642963973231915,-1.7525056822214418
82,5.457036610801608,-6.556162450849737,-2.869937823877011,3.9076312432497597,-2.5244422794810295,-2.4619689947355354,-1.6313436241922792,0.8887042235974816,0.0745486778042496
83,6.579628217776952,-4.260532040601213,-3.794258377866084,4.712460011058127,-1.1467409916980993,-1.6890884784499494,-1.8425593672317266,0.4331166378804632,-0.554099352682156
84,7.358412551453685,-2.3454622033658183,-4.110878215373149,3.6330120683638674,-2.9397853841103747,-1.5776288218714423,-1.6016190079450074,0.3547268699783676,-1.0865182518647842
85,8.131020947750459,-0.36239987611507163,-3.6133983485055317,0.8825864495659794,-1.8040519152613352,1.7302184389656428,-1.4101861175870791,-0.0537623457248723,-1.432494194770856
86,7.538092578538765,-2.5618554030430123,-3.340010656750028,-0.27261424627984165,0.6004404977887383,1.314861464555613,-2.0038677960283433,-0.07258915224038638,0.21351790092471148
87,6.069999722512804,-6.335996786189779,-1.8432262691082377,0.6239648883103069,-0.3101080762724783,1.5723377167133334,-2.2238584726108463,0.8864395183177783,1.4218842449812084
88,4.761254172793922,-7.050658015345187,-1.7573740475778405,3.149679220630736,0.052512914209646766,0.0560590508845384,-0.8266696483238801,1.4601391445555603,1.112466735632278
89,5.982783928784296,-5.921376641718714,-2.4978850653380857,3.6747652712633343,-0.7686644514550826,-1.01400374050427,-2.6302793135863114,1.208190317030772,1.174017606921277
90,6.962319389534944,-3.998808770713341,-3.930953408543507,3.4216243855420974,-2.419781323809413,-3.5964182038675876,-1.2532430911010144,0.07095427545605174,-0.6669867900064458
91,6.242374551856246,-5.406537195024482,-3.0943111263954863,1.6776812897497615,-0.08087376946800913,-2.318274500092143,-2.5931063099287766,-0.06835663017661103,0.05972080580508218
92,5.326403241352182,-5.665416616954611,-2.5425012699947533,1.6511039104602532,1.895934568500054,-1.1261318789596875,-1.5142495770190685,0.4595753048000325,0.4800813730931274
93,3.865877491658383,-6.557179907438632,-1.2577770955202188,2.7128237167040394,0.5731895974761958,0.12462945195034503,-1.9249921297886028,1.6447522066317846,1.6144599021508945
94,3.759219956587414,-1.280408516180305,-3.301218232361736,1.1411992756767046,0.8291081184917013,-1.6822916842822693,-1.8993274402393918,0.43620446733876267,1.244923433811072
95,3.1823148109848143,-2.048896519743261,-2.939564769653796,-0.12240070189086304,-0.0792049247556126,-1.9144051441263104,-2.511116748057681,0.3563775057626502,1.6473898611685294
96,5.4592307185219,-4.796492470716319,-3.147041818448152,1.3152569162828556,-0.6875425678833713,-1.0121226195472413,-3.264816508788409,1.577734330634259,2.107019729445589
97,7.818050617392344,-6.21401661737226,-3.7558934221536635,4.674975973901441,-3.7492399116100796,-1.0018758377062824,-2.7307559323930906,1.7245830081558786,0.9671161327064476
98,8.578547630043404,-4.3508097384016295,-4.819624054119302,5.299407094704917,-3.324685872316076,-1.6725729851153626,-3.7571796694285453,0.6723765259328482,0.7999120804816405
99,8.84951267046276,-1.6049613704654222,-5.410830179425123,5.890760510256886,-3.523869938066383,-4.004635756475999,-3.694671213424776,1.0240185547733407,0.674198888606237
100,9.381744348085716,-0.7782829668367054,-5.6462063828921965,4.219785833992614,-5.97717848187215,-1.790571897760594,-1.0454350448520913,0.36923244311068454,0.03477045921372063
101,10.112264468210803,7.062153638564118,-6.3203795332073165,3.975442168890786,-2.2761239867058323,-0.6343760186751924,-1.950042184260663,-0.7689746950288239,1.1577999279617757
102,9.471420432721915,9.286164251798143,-6.187874286542765,3.8898578090524545,1.0550205018222107,1.1659090050749092,-1.6282710522825707,-0.03835648726638194,1.3804150186386415
103,8.504651001967186,11.189565582549667,-5.862820431375782,4.149612890268444,0.33180512723397654,2.8602582875012788,-0.98301845794899,0.003154836733633703,1.19643339039841
104,7.117094532759132,9.238151405886569,-5.491049988195125,3.547889250881424,2.237632546443135,4.210094493707981,-1.0200562564119184,0.18945936834587546,0.6373561454953768
105,6.797081634723446,2.5262203433216897,-3.5557764310988564,0.6234517331477317,4.151603463101581,4.618558995340946,-1.815937453239593,0.8518045995226996,0.7402942946660014
106,4.437059537298017,-0.3699619846294027,-2.5344619822355545,0.17793213680223946,3.056166441096752,2.0974665486143618,-1.1134977428072264,0.28216012959060754,-0.641051221701195
107,3.8100053613237894,-0.7474404619084254,-2.153842757958306,0.211509304993448,3.259765269791841,1.6563439993555105,-0.30873612871861345,-0.2603758553717655,-0.645457317412904
108,3.9838451357502715,-1.075057659220347,-2.458362187813836,1.4254569636017336,4.475407320242386,0.5006023936952908,-0.6207807685455261,0.7181288573021406,-0.10547711249329267
109,2.989945250171976,0.17369364824230396,-2.0542498180765714,0.4111319544460924,2.6094428928302476,0.18906383312609829,0.17651066550845135,0.1384841137682504,-1.4871862056665759
110,0.3105159044996672,1.0673442599460528,-1.5862482452016757,2.3238358095070475,5.13096637792367,-0.2888151569378256,0.5274538448708632,0.0399545515768652,-1.5986037202906156
111,-0.3721336408478873,2.903532196366286,-1.7460207321217136,2.6890215897892396,6.23752178994982,-2.902685680511181,-0.41036654183206894,0.8139274083235618,-1.4174047670711953
112,0.04564555919164307,2.3308543613667263,-1.7866933983418425,0.7846562192802146,6.18634025381018,-0.1233654354806338,-0.7899728171831831,1.0931492545525872,-0.7619215945318306
113,-0.5596836976434941,4.6516683160623735,-1.6181023148525666,-1.1970682049426553,6.744019405173159,2.0647898794050303,1.2223860973902196,0.16494890086260552,0.15224533613450042
114,-1.9586286835879392,5.896930679105557,-1.6286780206953233,-0.11541058324741667,6.580267210272146,0.6216522555083202,1.9639627446488315,0.12105774555808194,-0.24820907454428529
115,-1.9397764464334593,4.5872156523207845,-1.9117194177202803,-0.9676248132779244,6.943830613426944,0.3734943358888793,0.09550967806196886,-0.10597399921506036,0.7955804698500777
116,-0.8567116698040032,6.113180892414342,-2.391754209279854,-0.40317602030646044,1.7119608946730847,1.2894240624294262,0.23435238829094315,-0.4729083433262548,2.9116854916340706
117,2.046458535060297,5.403771817238581,-3.052002112303328,-2.6202221290239853,-0.4627668639193175,1.5719563648947876,1.3033164253888478,-0.7318631805253671,1.6253178483668789
118,0.7682037293755576,8.137925222413838,-3.2422863807779785,-1.1535170092603437,2.412094372319169,0.0873642215076136,0.03479228543219756,-0.6041752627546447,1.8612726330835305
119,0.9648529416673044,6.7353608378652305,-3.1740209724765247,-0.6586612960609125,4.205832216890428,-0.5392196582267778,-0.41191130684575394,-0.4242138943508405,1.5263503504158102
120,-0.7139390300417888,8.618431384232048,-3.045987267026227,0.2009236965375604,3.7382704331338834,-1.3812616772418589,-0.0789187421044221,-0.37303295462600194,1.6796215539755757
121,0.8830470624503621,3.6380467110601646,-2.5414132883093257,-1.7950971630358628,4.193630825972587,0.41718850260361817,-1.1134231282830203,0.48361012391401625,0.8899804014607927
122,2.2465418483174604,-0.4406333819832445,-2.515805364203308,-0.7143871059488677,-0.12859422338245086,3.1684427379130966,-3.3445118652242116,0.31525331573053783,4.278233317438842
123,3.268301892212749,3.7629194667159602,-3.251228223904408,1.552277327425156,-3.593353436047462,-0.29651609971383136,0.27244294698345184,0.15458346969815448,1.0791060127497483
124,2.9789728245961533,8.073281196839307,-3.9458310363229447,1.3701790089116757,2.5592751907281555,0.5353428601430986,0.29034102350503044,-0.6489121267771039,1.4513690027362594
125,2.7240549784760164,5.381341942119154,-3.3675812994605745,1.751208201138767,0.09427000392424789,1.0044816604460527,-1.760657480065519,-0.8270359351376454,2.906766410469372
126,2.5314506652531374,3.649224477280786,-3.5120385313324984,1.4678243617555304,0.058375919225373975,1.0274124253539554,-2.6358449000989905,-0.5689512676235006,2.6165176407286075
127,3.873657079805151,1.4353807515749126,-3.3055766133844453,0.0771773764773552,-0.8269301357193757,2.0347830576743715,-1.2415178869036216,-1.0866599606794,1.465622630743312
128,4.078246137784256,-0.7349461433955637,-2.928061939671053,0.8052354100137104,1.3387423016490638,2.2031652034123894,-0.09930497367808412,-0.04184778821205913,-0.8238761005455236
129,2.7772571662971326,-4.620212352463974,0.4317897291062173,5.913844437560211,3.476222961122454,2.4633818237111678,1.209716540297894,2.1254913566326628,-1.9183125735304043
130,2.77496476411575,-3.2109244774648062,-0.8387963726428209,4.197986401653339,1.2774876637197117,1.628135665554492,1.968360398892079,0.5756683544377361,-0.9161251136373552
131,2.9240142396757034,-4.681783942960107,0.05106115578355343,5.631418488727665,1.9100706723640217,2.9741183072571666,0.9219707221517727,1.6213311762457387,-0.5577076694518599
132,4.029874279388803,-3.597834205301697,-1.7630914205321784,1.5542767611825679,-2.8864566652447947,1.4460410960724608,1.844335186331271,0.12369303319804852,-1.0321588464218763
133,3.0289043691247737,-1.294658583398293,-1.573137467861594,0.6605253204878914,-2.6461206786414597,2.626688030696059,1.226896659959604,-1.2636546707679448,-0.13900086414233478
134,3.317883952457949,-0.4905572879290646,-2.239071962402678,-1.723471898202703,-2.4217838861377983,3.4209470391736843,-0.6359418845690555,-0.6905805687155501,0.8223027964989847
135,3.696168454717395,1.3793465415747284,-2.522032790252395,-1.0642110815447157,-3.337659325783424,2.6920991000620056,-0.4240490720554964,-1.1987984206418125,0.9269100332639746
136,4.511682513127601,1.5747120490630067,-3.4314287523656333,-1.5640095476364655,-2.178213534445319,1.7502174255153284,-0.6605239858019393,-1.284968068106649,0.5916194559991207
137,3.453792187477334,4.331654934985172,-3.1860905763529663,1.979057357907901,-1.2472872719843715,-0.4899040985880342,0.5060368764479642,-0.8948419934339763,-0.08745067654440217
138,3.881349202512332,3.9619195093379442,-3.3769410425569486,0.5728433059035415,-1.86624680301279,1.1607425010468637,0.7441940588831654,-0.5910384507740992,-0.7258595287260226
139,3.964706321136977,1.0904847703208649,-2.6306594843462396,0.03472482092902801,-2.20683020884922,3.864602186695504,0.4362916143333454,-0.9537048105115514,0.4009362216019968
140,3.38953936317582,1.3884523816791787,-2.918387897360542,-0.7117680108341778,-3.5998217733399405,2.5263496310095515,0.6976903983602215,-1.2583954524173735,0.6438360888704133
141,0.47973687175088187,3.6905365937543215,-2.3655841717474595,0.13395436823954385,-1.19880635198965,2.4024721782285083,0.07087080122453827,-0.8879293413644648,0.4081154384728362
142,-1.1936835477095105,5.982243434077515,-2.2101698507628886,1.8525380125469055,1.4596436575211116,1.1379623759212194,0.19262172720384907,-1.1464017796880097,0.005974811617652845
143,-1.1870281884903122,3.480847350051593,-1.650255965209757,0.9525937234747184,2.095523544655599,1.9997161233649736,-0.9188563755078234,-0.7463965426807964,1.3445785482146078
144,-1.610022845242259,2.4152289334385664,-1.2482057517774046,2.9238551705865032,4.124149081408688,0.9622078415304066,-0.5410835257438703,0.7348534964785463,-0.6616361728840071
145,0.01172724339000326,2.3608360071448455,-1.3158187664410015,2.327546948264232,1.787639577368971,1.7593778428997857,1.4270158307485612,0.5885820890706751,0.040568594181923594
146,-0.4377473946673803,3.2100600722332873,-1.8316268011375259,0.7029665551851043,3.156626371811155,2.7871440669351237,1.2386016598073828,-0.09315161713758228,-0.13271200823157622
147,-4.329252129945355,6.322592126885605,-0.6587183251756611,2.5282962941988005,3.1627711540919097,1.7139614546266868,1.7026925813480478,-0.264327451230164,-0.5781997677802212
148,-6.346165982956956,8.955525321342757,-1.3110294178024753,2.6617531776007572,2.6935817881653787,-0.7494559789475665,1.4899320992724978,-1.1925980911769323,0.24812131391225095
149,-7.011551151399058,7.096870788439915,-0.7330634018060356,2.350386287041022,4.027635172870532,-0.9573743300766109,0.804827787833653,-0.4526838158250089,-0.8095332867880454
150,-5.593086023028409,5.291760601736814,-0.8977893142753067,3.29402711191269,0.5805218980557015,-0.24388772076480386,-0.7014637947125393,-0.37916453559287194,1.1137634740811564
151,-0.8307646725281668,1.7746723325340508,-1.9545163242501713,2.0606327300650302,-1.3213901223094189,0.43395057274654014,-0.22555144831851176,-0.7372142271802125,1.9706148375027706
152,0.25305465726110127,3.0056273509113254,-2.574875364188781,1.5950116096772537,-2.0876264477912714,1.22961873451615,0.40396585284448017,-0.44778939991374056,0.7187716895380667
153,-0.1360265045994195,4.480010453623919,-2.3939070949046215,2.2941347748436294,0.146346780077158,2.097228281847033,0.7482922359067801,-1.534631444528796,0.31355525966606584
154,0.6229406039113691,1.0621278162480243,-1.2417927255815568,5.3169430686453545,-1.1552009952557483,4.341258594258344,-0.12553826680908356,-0.5225046878699379,1.9877906867007002
155,3.8593520697000048,-0.13490068342328762,-2.6607405454789363,3.060644879697659,-4.107379310576134,2.1951339319455325,1.5678250547420107,-0.9233239564795284,-0.04029828881406753
156,4.222956662495436,0.3125121565122063,-2.9416684505318753,2.685207413026785,-3.0606644398943135,3.9236265223334787,0.5120921849445931,-0.4725502281476087,0.41230969362096315
157,1.1647033767839368,4.865351115978642,-2.6703872157654565,2.974706362399568,1.0667444938964548,3.177061933718954,-1.3506233386294644,-1.1941287365142887,0.9080905368580747
158,-0.8933483485995121,2.3776156763225784,-1.572232145230512,4.783958256302901,2.359492493930656,2.2480578776829048,-1.1885783422653406,0.04567554710761936,1.7208927241073684
159,-0.8490159477775316,-1.234389392717155,-1.0665426950006176,2.6202754505987382,0.39304740199468824,2.5266150526056412,-4.040773733330799,0.6293486982518761,3.7696887507861976
160,0.9518937635171575,-1.5862934040760919,-2.0476365976065773,2.117340525282252,-1.7622416815491935,0.22332885681200304,-0.8964620629084104,1.4149362176016351,1.564630052484027
161,2.183941117788668,1.0505643635816377,-2.2872638726458807,0.5869822731178058,-4.037453820457673,0.9062307596177723,1.8455367282870707,0.3451265162895865,-0.5871738470032906
162,2.69005737365524,4.444001181078889,-3.6829317425986985,0.9112816271432468,-3.852385258175952,-0.4837487960642482,1.8777645497593558,-0.8032600148452244,0.039888041044371096
163,1.7302029357578987,5.694393275885687,-3.3968112185670503,1.414937787556791,-2.541148472092134,0.784602185172781,-0.10506850260862215,-1.4503457639892763,1.4555234080773087
164,0.6638896914775025,6.1422729774077345,-3.222894602242232,2.138771527995042,-2.3142742471112596,0.9237627758508989,-1.6466332890495339,-1.0994648125408428,2.438916388573611
165,-0.8344732405193058,7.786155712157117,-2.408018958963882,3.474173958022513,-1.0342051744234373,1.240742921206899,-0.5022538782360806,-1.130508433050885,1.8100599542154179
166,-0.8196792487917964,5.781082306647456,-2.3506222748641066,2.740244855981799,-5.1644677640994585,1.3289591197066921,1.6323847791886006,-1.5679804335918448,0.23509241756888882
167,-0.5432971793791146,3.923663464380864,-2.285723147631193,0.8665687927966285,-5.771164338653151,0.45736245046626695,1.25518962238619,-1.4135724083277557,0.8938805416708409
168,-1.0075905777514178,2.194394602367207,-2.577450484703223,-0.13782518554900836,-4.901894580104447,-0.2682351911990401,-0.2510309921949922,-1.4968125221147879,1.9520332906842583
169,-3.1492473975287227,4.539515311806182,-1.983461981329274,2.5120682620622814,-3.195908565663535,-2.0895025250578847,0.4842161377648569,-1.5214320169143947,0.34432304354223214
170,-3.5374260628297685,4.552000350223979,-1.5418579502937655,4.196655817794292,1.0571528163698751,-0.6828310824620601,0.053984506838060005,-0.971734645155413,0.13386394814080027
171,-3.0582110497541763,5.718033285300993,-1.4154563300129615,5.3547296265753355,-2.068757668749892,0.9095694599163708,0.17717686937813334,-1.0888714751488804,1.7257593175335957
172,-4.086022440170082,9.081516980259789,-2.0596926916682827,5.440959129561208,-0.560219526808856,-0.29848425239774984,0.2606397755135447,-1.3592101972060637,2.0468218563217278
173,-4.062187975816335,7.469608324130654,-1.777195941163467,5.575701476592827,1.3922295696138258,0.7782294125120444,-0.9462138095956016,-1.0053017169328202,2.4868683419787696
174,-3.2446016860944127,6.315799533020058,-1.7636606982982204,5.690113871939469,0.7586015719184672,-0.06792913870503471,-1.1961656782799603,-0.529050971616177,2.2186376758907618
175,-2.75169109688015,5.728143485528422,-1.9391872561717847,6.462061923201388,-1.9341935460876165,-1.8151466877385725,0.5374153699948386,-0.23818933875905646,0.8101083097676198
176,-3.0005758100135855,5.169792041443952,-2.5287610142447376,7.497094383453424,-1.1620784613435209,-3.9013678821094264,0.447927468433305,-0.5871060610971915,-0.47546657645486856
177,-3.0013685265356513,1.5721240068788278,-1.8686814015388928,5.574740541624721,-0.5996353199255444,-2.94142572630608,-0.8254959571329711,0.11943108260937037,-0.6632715078761954
178,-1.095555430503659,-2.5084807449311013,-1.0836442689953811,3.1605453471911393,-2.1822583097673767,0.2160293971834019,-1.1702129860325234,0.43526630726364185,0.49480623229265863
179,-1.4134808087883437,-1.53668644724486,-1.2800021778651203,1.0870399217800315,-3.202368519618731,0.018996380139367667,-2.576553179148269,0.2538336309313584,2.134105732584278
180,-1.9720251223860945,-0.11227633214314599,-1.695685093521688,2.2876719722153536,-5.54197532082894,-1.5804831479222359,-1.00636140952173,0.6589155652874864,0.8643852018022661
181,-1.3074363876979749,1.2153650092687933,-1.2143113639540064,2.609136554581187,-4.6866028634600925,0.5903697191364139,-0.0366987870201465,-0.2346929240516463,-0.11293227298417816
182,-1.8256801840920458,2.7517865835600666,-1.585107739710108,3.64212662446143,1.7318683590463053,1.0025718448127041,-0.5818408370541046,-0.03384149606720056,-0.2694270956612886
183,-2.1477862268013608,-2.7345696763057092,0.7749257643353368,6.065377804686394,2.620907445464967,3.521409968638821,-0.2459022524895344,1.5564116877994325,-0.12273645291337665
184,-1.3671715375499491,-2.2338526076390104,-0.2958018024349662,5.211488180793331,-2.0130870509778864,1.5630171046143166,1.7875691233932487,0.7456116593353856,-1.549954210520413
185,-0.362285659716853,-3.26842426499509,-0.7656562803831397,3.3473802627479263,-3.962847816160738,0.9721852763604435,-0.3322658697878818,0.7899692639380846,0.4497074965561379
186,-1.6290982356891703,1.2112506660388918,-1.6234931445318048,3.1005139126357104,-4.988853315479037,-0.15313642290708954,1.6037150093265335,-0.4970751372826336,-0.5610463255151171
187,-4.026445624987532,2.0877132200996558,-0.6392248131592145,3.625028179545382,1.7704926169950035,1.525058792733668,-2.269322717993663,-0.5487248908851866,1.3455261464092818
188,-7.482956299453292,-0.009099036032262607,0.876210983808563,6.120823108370406,6.471469810263368,-0.9157418098537383,-1.7885232155316466,1.1980017595531551,-1.1415623837408737
189,-6.438402532783595,-2.875113104154344,1.1709713974368723,3.3926350708986255,3.3137462379371345,0.6613389072654178,-1.5515700545740632,1.7135508749661805,-1.2474151287866615
190,-4.360141517011734,-4.305466881957131,0.077285323640398,-1.0189603281599515,-2.111204725281703,0.585136480369623,-2.142156749531801,1.0673030602789877,0.11350917591199773
191,-3.708839896324694,-2.1115947356193248,-0.49580697130654505,1.2517027391573374,-2.7765153610021818,-1.9872834399918944,1.1189500515182083,0.23525827238063712,-2.360389072276906
192,-3.5920772275535207,-2.1385155928638735,-0.822504242544941,1.487227650262835,-3.6180721641272298,-1.4769623219870418,0.10237027597585314,-0.42066152050876626,-1.5575247171168216
193,-3.60834999955827,-1.6451425019478592,-0.39603011071913935,1.3172424158016778,-1.0527563596654683,-0.7902685956690344,-0.2499323728601935,-0.22483614960333118,-1.2692362606612273
194,-2.4205481583822914,-4.771754362849841,-0.19812330754919769,1.2745183777120896,-0.7783651384877189,-0.3286946906067474,-1.1377168939524962,0.8838486083051034,-1.0868944480126304
195,-3.185249962327259,-4.629009843185428,0.21808242162755911,3.111304143692554,-1.208492792069933,-0.6549828071432116,-0.5608662649970124,0.7057805120278626,-2.247315831353969
196,-2.4479761158353854,-4.764772924464294,-0.40582765178465263,1.357100400129526,-1.381761559282512,0.19894250696839602,1.3529627933336699,0.137217003852613,-2.408115757917441
197,-4.29604554346068,-0.4611921010020433,-0.02309167532076851,1.5087234266273064,-2.4610099483418884,0.34263755790700845,-0.04079561791659256,0.06283849341394813,-0.5944182494377841
198,-2.812187049205959,-1.5781963357957947,-0.7637474486163874,-0.13348809658382188,-4.584384483360427,1.0843313183224217,0.7666257553501896,-0.4916850452641837,0.10013503916593217
199,-3.4385790824791904,0.6959618122463309,-0.9310771331717438,0.09889901543358891,-1.6202536146544966,1.7593644760530243,0.6015590852831506,-1.3786034699256349,-0.5833953495732017
200,-4.426070392451353,-2.3936382828567053,1.0001964020443623,4.964556179962092,-0.016081543634819277,1.6627293279218998,0.01347352906109428,1.8745813767418733,-1.3987898563070507
201,-3.1487241521918787,-3.9424684796641065,0.4841148958107576,3.4353369041794486,-0.14112081806174703,1.8561365326661579,-0.21211409288861036,1.108929442249407,-0.8625624256370488
202,-3.2903534929506115,-1.2675710659829893,-0.3480271588606716,2.881513754030869,0.7641287332935263,0.10719640150698242,-0.035081991253002424,0.9196060662029945,-1.016395747106084
203,-1.9657233065552464,-4.147239375445035,-0.17563034459351026,1.5560888447357666,-0.5726759817338724,0.46462048751782276,0.7523750792833938,1.3909450914734367,-1.3790892755890694
204,-3.1148312152523485,-1.818199889665418,0.08059586995195764,1.6631993826658147,-0.014662396680741987,2.857892517424524,0.6150904318912063,0.6181696064975643,0.12450666789837636
205,-3.295694688604936,-2.277923736681571,0.5138792172929976,2.0147386779226846,0.8243772906855011,2.827890102467151,-0.03865904219497131,0.7964942110409048,-0.8761267670966109
206,-4.0558828228179795,-0.5560856993507837,-0.37964537156005007,0.3201383356933754,-2.4083261008388535,1.9235868909548008,-0.785474879686005,-0.685759865072017,1.841659366449962
207,-5.955592755932708,4.672272707164616,-0.908206847855536,1.4307323503450207,-1.0318636590415387,-0.1871156968634775,-1.043225781383761,-1.3234466824921003,1.9136959440182442
208,-8.769218518652934,6.845144854234643,-0.15648653510585941,3.2445869296200316,-4.405902206258132,-1.0791551349261002,0.9553664743536677,-0.85981795849321,-0.05049018315686909
209,-9.385454808821368,8.416876699540683,-0.0574698954051928,4.446913405212654,-3.3773462257225173,-1.953216307066553,1.8080304020940863,-0.9674619495060893,-0.7531641937599172
210,-10.301927492447097,9.193052933984731,-0.7003848147788818,5.15125482001285,-1.0700127832765458,-3.3441717186821305,2.0080818488656877,-2.2684995361885734,-1.9541023874621684
211,-10.832707122108973,8.054489230565494,0.1154974539939089,5.925110336532477,0.29682361523536555,-2.5856252831936093,0.7844373089990586,-1.3152372311708536,-0.5654648107416316
212,-11.487918876433305,5.69971904561882,0.8451974723608757,3.8243728676176385,-0.5692421861565765,-0.9304207924187881,-0.7324435979534164,-0.3380951557755857,0.29515749654508655
213,-10.737171666925931,1.7959134048404357,1.2903796185311238,0.19228758973217358,0.7409722206127519,0.2138558354699875,-3.069572191525999,0.11204832219426396,2.5911834812266608
214,-9.882810170145046,1.0636613787076525,0.9947959867692703,-1.4334762429987598,-0.4716368328696627,0.5461905456916294,-2.4174663199163207,0.042528761864691234,1.9532551939999687
215,-7.608677337144554,-0.9807318396229,0.8382676907797554,-2.5220834694465806,-1.596375575016577,1.6181340570110438,-3.1878433648374913,-0.10887179861908948,3.233076848711754
216,-6.809047686252092,-0.3718655273400957,0.027241783320817343,-2.9588287175397547,-3.8495078715643487,0.1199707349302713,1.2695411466080984,-0.308941928273925,-0.21065907899060374
217,-8.186659070410657,0.643253389768663,0.5044805382445708,-2.304787173680492,-2.519760960089896,-1.048329466724165,1.2553706613151523,0.4075314582386103,-0.6682094295120274
218,-10.756593693421014,2.9560726831299555,0.9188960522030525,-0.14336040958668445,-2.975589992202929,-0.867383316191009,0.9842227588486194,-0.24390532503577592,-0.610146040264592
219,-11.455102650905877,3.7128949072395323,1.2791295361893704,0.8046789835120011,-2.578481468065032,-0.33445138560921184,1.1013615900784592,-0.6463684610935525,-0.903517919437596
220,-11.43673776676466,3.128640083867604,0.8187838960836763,0.33645963063688394,-1.8477166084034662,-1.5188997766264185,1.4423894254533123,-0.39526778388324957,-1.7110026656571207
221,-9.969801871408617,1.0167057082282525,0.8804031009217201,-0.30988962543077764,-0.16109782412738197,-0.8652119618653301,1.2791458873732888,-0.7580857870538736,-2.1878980753157653
222,-10.551298179743823,1.9016908392596104,1.429191666637709,1.927599321082114,-1.9731027181587588,1.800387455518529,0.8075724092589394,-0.9161205343802279,0.2856146792330514
223,-11.57341886295967,7.222929194397965,0.6040093197834019,2.9084008294625185,-2.351307670936255,-1.5136056361660517,2.0779698160479687,-1.299199470739134,-0.5346027062672046
224,-12.464261909335036,6.94202916368411,0.6478493033064726,3.341689866998785,2.223188011981905,-1.1445218092940903,1.8152075815120323,-1.2688173746321476,-1.9279982301353633
225,-12.688355966989777,4.821859778653283,1.2297458301899866,2.9387792377641273,-0.024742114383099353,0.40113196907721993,-0.8596982202424717,-1.3341243908488158,1.139902071341585
226,-13.497548854329443,3.9389162598601346,1.122267976385819,3.4636735224987425,2.079503935723401,-2.949235821830564,-1.5771627508910049,-0.44427439569101085,0.39024802801508346
227,-13.424382622994546,1.340284090453503,1.9257126910024684,2.9132032559921357,4.8735926594982715,-2.4088995347126665,-1.5684994874043665,0.9916722748496123,-1.6307717780894446
228,-12.60660879472506,-0.7274285581797104,2.1802029068247184,1.3866949993469977,3.609411147405742,-1.255536364081957,-1.0331764841534532,1.0870238965458026,-1.6797441781866294
229,-11.525324726183813,-1.76385205018392,1.9898052966131683,0.011553619665423034,2.884772194027934,-0.16233430673479227,-1.4535732969611115,0.979846490035038,-0.679178199737228
230,-10.496003878735042,-3.8630304575194274,1.985462177445865,0.6456639624562268,2.5300605322888883,-0.6883066332029616,-2.092622632508723,1.7341852376414908,-0.6907057054664016
231,-9.28462100405541,-4.948025771130128,1.8231521230973384,0.019684158214844996,1.6551863080084652,1.012884329679574,-3.3458066694993187,1.313297438131191,-0.2158844344303623
232,-8.567043938357802,-3.3688209602523513,1.490118431091258,-0.07020864977384908,1.0430048343221485,0.8435130948936349,-4.063820210424376,1.2763012964836244,2.4388824880202375
233,-8.898657808919564,-0.4944941068462232,1.246619434716674,-1.0249416435030476,-1.8191323353504933,1.9518440620615933,-2.4568117551797846,-0.04461906552222739,2.745444007709522
234,-9.384925598904015,0.3463846203049195,1.1725543606320246,-1.3186707760099066,-1.0769428188956238,1.2566829050341162,-1.7210366560753432,-0.07543389053991852,1.8116691011147452
235,-9.164545731538322,-0.1351820367443311,1.1353822408389311,-0.8772082672478018,-2.342331200553726,1.3214578564472266,-0.5962320270430866,-0.5273660157147245,0.3992531318878401
236,-11.590562983947919,2.0260488162836094,1.1572680456082922,0.3154118292657867,0.18455901960074425,-0.33687785956965083,-1.6093370477324818,-0.5267027144559997,0.254838801411213
237,-11.048597275217814,-2.025861468677584,2.037137733791732,0.1538754886932114,3.0654535147953634,-0.20262529376217625,-2.9318256563975167,1.2738185491704002,-0.5602173676988256
238,-11.13689319931308,-1.2291220087234003,1.773849855099702,-2.1018446341503387,1.3369745952512404,0.19961917995889805,-2.4527397431882783,0.6131795687093965,0.505128205606204
239,-10.003957529599216,-5.7511764031547,2.9445557297976293,-1.6517552830817428,-0.8667028417270858,4.543957621183419,-4.160770278781331,2.0896371509090845,2.0537829236229497
240,-8.277001242818852,-3.879521070925605,1.6633039650562127,-2.2091632206562117,-3.2442314807415724,2.6215841871331813,-2.3037776308318056,-0.011220209735573226,1.8017238352425045
241,-7.006141307751276,-2.5217866026390965,0.8643767474515222,-2.5466054472999797,-3.087617299199767,1.3881923536616354,-0.4784415554659318,-0.7080360081803518,0.6850777082171499
242,-10.191056053397226,1.3643349679896177,1.0814742337794991,-0.5562283988658032,-2.0384388427800917,0.1439234021350832,-0.3877813912975247,-1.10516316705498,-0.2950891316840847
243,-10.808177539920164,0.2353642648967842,1.6206257667467556,-0.2037664196685987,-0.857537893862807,0.4464380284183234,-2.8461456432808836,-0.4613865225686158,1.479117418072245
244,-8.937189674432322,-5.459254478173547,1.7216679168640874,-1.530602376255702,-3.3653488834071514,-0.7563530113166647,-0.9239469377832811,1.2656328495486515,-1.3620877361698551
245,-8.673403182621138,-4.208386477991139,1.747467746601834,-1.1077506986854082,-0.8932433450596043,-0.11527445506598581,-1.0373494192761108,0.15780728581426978,-0.8156728800243233
246,-9.88798512011571,-2.953689652252897,2.043160894582606,1.6165577924819634,2.9880186646393763,-0.49013149999160305,-2.001583020679271,1.3847852952566317,-0.20566513560380717
247,-10.09012887157343,-1.0009399163479553,2.4039897806255577,-0.13230458118361052,-0.24642078105088006,1.0909373068681176,-0.16050946023246812,0.07445513783397098,-1.1241363779545541
248,-9.08137337572385,-2.276597556226102,1.6842421945271218,-3.63135517056753,-3.347700740612905,1.3474672768432154,-0.8412600621288563,0.5861545501989228,0.2611918267168168
249,-10.445826821627149,0.9565879426763633,1.808392124584258,-2.201793924416755,-1.5873456914291693,0.777411816909207,-0.11056741023700163,-0.7123890388075067,-0.45901003127243334
250,-9.843355587019806,-1.7166977219440893,1.5319860046118792,-2.019901807324426,0.36496482378750866,1.115044136926978,-1.3606798812058682,0.20051570819598372,-1.0206527574511468
251,-10.086359420667488,-1.2357157198907283,1.4143138872845846,-1.6829906546002182,-1.9889885346824836,-1.0384736709952178,-0.9420727834248733,-0.14192003450797386,-0.42665451684908656
252,-10.61690025466648,-2.49118680604706,1.8251372684207987,-0.9666308749097279,-0.43590462703115224,-0.5784056456298723,-2.822192480510948,0.8833652152319758,0.4989241192390402
253,-8.349736388522288,-6.605999006620008,2.246200142575427,-3.1048348141037976,-3.40060252020943,1.838872063413213,-2.346372621086209,1.5577552279818785,1.9113403490813512
254,-8.779316300476951,-6.527721784433874,2.6163557191562283,-2.3025855653018623,-2.1090054513650114,3.6511815455058096,-1.5623490906804427,1.486871154406093,1.3325224033635978
255,-8.879043420301374,-3.8338073248340696,2.251469238436283,-3.183085115038602,-2.6096921910633046,2.737550150558491,-0.995377756054705,0.19184741402698088,1.5396244491226447
256,-9.343026241186728,-1.329603985109864,1.201237996529805,-2.6868535980221617,-5.348279810167227,0.7827940100289694,1.1506960253831335,-0.6834686481961767,0.7864183742096016
257,-10.314172108485767,0.5786773079281775,1.542073403207908,-1.579020051566699,-6.699775213220253,-0.9603402304864618,4.051772180283592,-0.8851650569246637,-1.4207033879848154
258,-11.827141064340088,2.12669377584781,1.3152905154610572,-0.020243831665867646,-5.633418412195007,-2.680168481470935,4.835339392501007,-1.2899964692582058,-2.515560536304363
259,-11.745796209865333,2.831391580928536,1.4537481607577818,0.11004814733971927,-2.987186596029615,-0.8086550276944843,1.7150365569032304,-1.9095774417490925,-0.5825433061143772
260,-12.581993274281656,4.748940751101123,1.3669122678433363,1.1403939413640758,-1.971992487699373,-1.6192301549130146,1.8155401698986984,-1.3567227765343424,-0.6937881217245649
261,-13.216504984310102,6.317098242724667,1.3391419242885612,0.9589244289469899,-0.6003144872602618,-1.1421656690752455,0.7828129626913949,-1.4190318206721964,0.5197835384935631
262,-13.24141414053364,4.487436523630809,1.7258818130325744,0.43778041778689714,-1.2857096406749515,-0.8586648656882756,1.1784931531045597,-0.923039845035799,0.02224005757036742
263,-12.703423063006046,3.2890718045047236,1.6066354163482168,1.5169533071499621,-1.1067054332961597,-1.9164254287478364,0.08311363036530853,-0.6640673857893911,0.13671423461792578
264,-10.386359713454778,-3.1999233229672153,1.8261738180485196,-1.547735251708851,-2.312999557831832,0.4983090620757154,-2.6876069122743296,0.3622681286440214,1.594575844925265
265,-10.698666710655862,-3.706091359086975,2.071372387105274,-0.5261087470810717,-2.3795708571029794,-1.197626326694334,-1.552923014205989,1.3279825936585417,-0.8273466216021922
266,-10.1116137312417,-3.6904096369413417,2.024219459407702,-1.2017233523897088,-1.486298806082147,0.2914258954976945,-0.1606040241988881,0.6903390857907358,-1.4192201992304994
267,-9.832129564218496,-5.357602997252667,2.6740223302923214,-1.4999463938873823,0.8710301815085628,0.6014366721528841,-0.2260366127959935,1.829197734437331,-2.7626719777364266
268,-9.923984961576107,-4.059678469197686,2.475938634478476,-0.7879695711717372,0.774052285001115,0.4161038912990998,0.23201561251687952,1.1477473548477153,-2.344143300392197
269,-10.853896590828683,-0.42604930661958007,2.013818031813875,1.698586346124848,1.597272271400763,-0.5451090917807916,1.4769734191764226,0.5643771677979958,-2.5317849623255335
270,-10.949164602787475,-2.268465219034337,2.2675576671917868,1.6518631922854712,0.04325094524835799,0.40293131392360415,-0.5452241923140078,0.32607759006965703,-1.0270896586537952
271,-8.76295284090999,-5.238650223081651,2.2889248937086926,0.49273362802717663,-0.18728673042044564,0.9001890507637833,-0.7014303106797237,1.4878674308156143,-1.260226127594184
272,-7.061245647158701,-5.386879966362414,1.2909631482854882,-1.3226532664917396,-2.260483460992707,0.0036519358673128615,-0.3391012899455441,1.0513640254490741,-0.7013757233571664
273,-7.682641378601351,-1.7199191632615598,0.8620497093759093,-1.236180188632837,-3.194869036034688,0.34062336446633357,-0.3564725729393137,-0.26278340282445023,0.48847458299381274
274,-7.215506675953402,-2.799987278193232,0.650209264786495,-1.8542759442675165,-2.574107098983439,0.3522840800550241,-1.6366213876969764,0.515586497497473,0.8814172853623379
275,-7.812495899461659,-2.6087632228075406,0.7785334661001915,-1.3432573629265556,-4.883416836840253,-1.4670553689769679,-0.2739292706474599,0.7216471995009445,-0.4405266834772917
276,-8.30261590852984,-3.3372905526132746,0.9785688698340168,-0.9930630025099821,-3.8242491795105327,-1.242271826737549,-0.28243222940854473,0.04892789855823927,-1.1666609548388713
277,-9.188804202971482,-3.8480078523869343,2.2105582267593977,1.1630701245066468,0.045098423840127105,0.6726719426116482,-1.368224982809533,0.6804818911477277,-0.3766949588291363
278,-8.604202090844248,-5.915538469202031,2.319027180588464,1.408466002004119,-0.24809451698327425,0.8922718012935527,-1.3454313943971064,1.6529307321658138,-1.7270710392150677
279,-8.856749731379404,-3.6543403853683882,2.3065116247003457,0.6864868632232786,-0.9802845946438333,1.9594140731160705,-0.3150192321773566,1.1466609946944248,-0.8198866750835812
280,-9.14268466457405,-3.083963819200972,1.6727251899049753,-1.0461332168768167,0.006586888123758475,1.8589644327722707,-1.2010774907498463,1.2023852087244684,-0.2989868721796563
281,-11.07161723871104,0.6225780769376672,1.5157368936672642,-0.6541698273608709,0.25123967729079916,0.7861999108507453,-0.7225269832982945,-0.3981766193465336,0.047633891057942135
282,-12.083790840668474,2.401939501020024,1.074735721026248,-0.6825987785664458,0.06925680633561082,-0.28711178497298767,-0.9141487047915305,-0.5427740395781431,0.5105219582009137
283,-12.728229528625123,1.6920585702254127,1.5640806636930493,-1.7943783018298196,1.4626900598555272,-0.2586662137627066,-1.1524211358823726,-0.21523972265505623,-0.39150153444249486
284,-12.46741631011049,0.8169693309324983,1.723947818219724,-2.2171571559397716,2.069035782090165,0.593134540914397,-0.5724301544526273,0.2532389620590943,-0.4250966040215696
285,-13.16962912680762,2.670650707441069,1.8943441396533576,-0.36465013209232433,1.2349770241799407,-0.8006275094758637,0.052065322419590214,-0.13060723770801294,-0.517456026912237
286,-12.43244479396872,-0.5265455464568617,2.3013539191185735,-0.3853065011845079,1.175478461538216,0.6080008488932938,-0.6150683489835101,0.11574840091584024,-0.6177988689880997
287,-8.80047878459889,-4.004536565359115,2.354873554616254,-0.4594917279057759,-1.8654251781749926,2.8810179036883525,-0.11141072383460142,1.0983754323016304,0.11641586548590466
288,-6.274993004164586,-2.6532647279857624,0.9772315112248711,-1.8860729309382809,-1.1303523673993003,3.040567331420954,0.21406462169244814,-0.31698464218165634,-0.041772713172327516
289,-7.197991804010929,-2.747284744647877,1.474539241946942,-2.5316771774256055,0.14751919100336983,2.95807561197874,-0.6869324720023202,-0.3795565312523258,0.7514151270761634
290,-7.980179863678342,-2.170690871872123,1.2309958325642845,-2.2714693059174755,0.7733112718258642,1.987215373103145,-1.6000068610384228,-0.27559753416185034,0.8786169670910989
291,-9.19981156825705,-0.34237667639873604,1.1872938790258227,-2.07166913310179,0.4394815956645198,0.8797811819589709,-1.6113598443988202,-0.2521819807192224,0.5888789974955909
292,-10.66324235804242,0.30808850287277545,1.120625307335196,-1.5781114647410408,1.0170876754805946,1.179219248478978,-2.288727069250233,-0.05713414688015069,0.7560325790827719
293,-8.671226121990246,-3.556073672631357,1.592127705326829,-3.1608920096351536,-1.9351758805233894,2.1402302728718854,-1.0760557357707607,0.8146480310095628,0.7408243069272565
294,-8.235101703072393,-0.5691901150895678,0.6405169194597791,-2.9655424551764162,-3.3837650618197106,-0.17164559122379824,0.16177861691124595,0.2703249655160043,0.9012502325291223
295,-7.517488607927297,1.4398413996655892,0.501022606079327,-1.3850787098491664,-2.015326581500168,-0.8845457533119069,2.0941598349563297,-0.29041216791674,-1.9466662377071813
296,-7.8460833571345825,2.346514643035832,0.31617561725124416,0.20424879827161044,-1.8487970452432811,-0.729621291992695,1.8704643209025242,-1.6124396253137097,-0.7791805112544251
297,-6.219328317033396,-2.0863670840235966,0.9024500275222082,-0.5377028553942672,-1.4918839949199876,1.1794833112373218,0.3768304413366103,-0.8296474057284393,-0.47797476891761
298,-5.944548968210784,-0.9168793405863183,0.1658084775056262,-1.8003865034065205,-2.490108808499871,0.9798758776304681,0.7039145878809181,-1.1869054732740485,-0.48008440096772337
299,-4.927219064706819,-2.3317028958751194,0.2642051878256467,-2.892994993773358,-3.589112188486982,1.0804121549612111,1.2572802376044487,-1.1281491003899735,-0.9437790089100163
300,-4.55705548019051,-3.293604156784404,0.08664911728884866,-4.077412122752004,-4.045670135129191,2.0258015656132624,-0.5559059311404666,-0.9906075062134136,0.8247031566236633
301,-5.71186590989736,-2.4405586903137086,0.89571926010266,-3.6836095754160643,-3.067891515238736,1.0489857689501434,-0.6767930605383343,-0.24277227603059315,0.5402905175297024
302,-6.674688001321822,-0.41008599439502263,0.2598338269384588,-3.336890153242671,-2.549213528253923,0.080688163824615,-1.112663412713741,-0.25339886684755614,1.4360082354911456
303,-6.310942586306587,1.1098516595274512,-0.10501169611769974,-2.861912049900305,0.5682980469316529,0.7574400091244123,-1.7223793853382476,-0.8862128230031749,1.99241454577711
304,-8.3265779504596,4.828919072746426,-0.4009766974228852,-1.1201478717074322,1.8723926408074774,-1.0593111528472483,-0.4774623478052312,-0.9381207729184645,1.5477158698855955
305,-9.442971592219223,4.44199326271177,0.2984489319879109,-0.17947208779005158,1.9061180864002742,-2.0432336348994293,0.09044435219260398,-0.37683535177528515,-0.015688701299873948
306,-8.995568433353638,2.4694223329938807,0.1251175497228619,-1.0982572521763994,1.5527411666448618,-0.7107860187334574,-1.1828360028678868,-0.3706203976396381,0.6578793761229437
307,-9.894371306054497,4.325211051391844,0.24112159495335203,-0.6965414850426193,0.796088064584538,-1.8968535011812755,0.06619272063468666,-0.44927260675663694,-0.3940110913420063
308,-10.126942506426511,3.874301071247722,0.13699418468943841,-1.1865791795914113,1.4817667280957054,-1.5460858380135274,-0.4118283831153638,-0.8210032666741363,-0.108372824964565
309,-9.712516719194445,2.1768634520795365,0.6847739590638595,-1.4976551196613668,1.4837792851734948,-1.2098089242304675,0.40525063949123774,-0.4991040029082657,-0.43943276464252845
310,-11.023189915180835,3.2370590550295226,0.9904121323546091,0.8761531705562847,1.0107294648688618,-2.1234265969379185,0.48567411961923485,-0.0882639727641564,-0.6260645237645112
311,-10.099324972349864,-0.019380178592534734,1.2500075931120387,-0.7499321235025325,3.192054781058181,-1.2910648272869398,-1.5558694611020087,0.467895461027947,0.3105358490079001
312,-8.852675529347648,-2.4922763342392207,1.1377478080058265,-3.286240140205293,3.071227008929704,0.22640311719867806,-2.012707565001438,0.4110952465459504,0.44684999747483406
313,-7.583825034540193,-2.6941554006994695,1.1917465016625877,-3.248419505763316,1.981135191059136,0.9087747301215124,-0.6106986566814747,0.13941257872193136,-0.7013565024927569
314,-8.142480390032304,-0.4851667901627444,0.7025420217957301,-2.4971536027148953,1.4622583217236687,0.1359313204979733,-0.17199777998153276,-0.24292856915464503,-0.5743671937923504
315,-8.338196668149296,0.07543653645166687,0.2301888986246089,-1.6410128130139459,1.2015440705950182,-0.9484707493285035,-2.36835209219909,-0.1545184402198275,1.3002011514556484
316,-8.138407676151967,-1.2368716378295408,0.11067145894906924,-1.3670135411017508,2.592905692627399,-2.5975706727381493,-3.221637149404756,0.3715625899513341,1.720162091534931
317,-6.620340367651426,-4.137411597389879,0.9441546803569376,-3.414745267655223,0.6426144421368898,-0.6378047778181137,-1.9495382978956768,0.7581365443543829,0.7588859286767727
318,-5.907930551395118,-2.768068670679379,0.01976608052205048,-2.8327564366571423,-2.0926033482063495,-1.9357546066241709,1.4912249832966429,0.3429586175235009,-0.885578758095827
319,-5.432856167354318,-1.7770627106900838,-0.32859418452815076,-2.7350889377218914,-0.849806531289898,-2.300410684695307,1.3637820108234109,-0.7325161803344034,-0.8518043580768468
320,-6.205409995750452,1.0153121287259654,-0.6335016425394127,-1.3581813680905488,1.7530122070666145,-2.570219867896934,0.06522900878301262,-0.5714285923699822,-0.6920792172632377
321,-4.551859313853803,-2.426827609210572,-0.32164850146203655,-2.918025806219152,-0.6901810160360207,-1.1229717932382313,0.06121650274466199,0.7765446562556284,-1.0833290685785095
322,-2.923953573064012,-0.7542762569161094,-1.2881461235298628,-2.782337687706233,-1.222115676637662,-1.2015961554844434,1.3039812884195012,-0.10234016029184399,-1.2192885571997865
323,-3.759515683417563,2.560761092789541,-1.08264304067134,-3.0050997864704008,-0.6761506514838731,-0.5362015248383106,2.2990635426918895,-0.9913117339664381,-0.8626051713813092
324,-3.890181573274817,2.7256725994266713,-1.396707365224037,-2.450183670092862,-1.5839708930283165,-1.2196424192085509,2.1085789677407436,-1.156792661185203,-0.5675078638386691
325,-5.26358922682993,1.8703506388576803,-0.2591652253355226,-0.34493422529092577,3.8891801792314062,-0.4844371687501707,1.1190730741644588,-1.0444010333664595,-0.7695390595024961
326,-6.0063248399022,0.4628399014382627,-0.4175687732919645,-0.7085189180855154,4.94215715728616,-1.419581668320152,-0.7056447054696,-0.7138705393626461,0.7449530075960413
327,-7.213709256379225,0.44528229702020117,0.11392185870603973,-1.6644554912972158,3.1625222951779044,-1.1772077976809998,-1.7564549813295178,0.14974627330896575,1.7864429593725357
328,-6.722337280423165,-2.5758960359773124,0.4940934739519941,-2.4553196778500035,1.3009680239997399,-0.39752916249007225,-1.1258516503474705,1.1432903180410852,-0.0983195467245551
329,-5.514694138991488,-3.1462530273713134,0.5140897476627578,-2.7754740693884488,0.985446389422812,-0.16894571030281463,0.6473813922984166,1.012668580419754,-0.9834284059752378
330,-4.624920806005117,-0.27763736454258514,-0.773132867179243,-2.7806627861148168,-0.19635987803907246,-0.9105519216814298,0.9158063643647809,-0.06770660582322728,-1.1898356975202435
331,-3.101521998413233,-2.7240108934107576,-0.12299427717517188,-1.4702101727921852,-1.4248224710949462,0.6050794346237788,3.1694779041868277,0.7937213829479713,-2.121646528247256
332,-2.514891361844696,0.9755083265274017,-1.3448753676799567,-2.6025681937173806,1.6056669652369093,0.3759436217667868,2.707464900211606,-0.4536635632517886,-2.2628475711080247
333,-3.6187672925582093,-0.9988868417138346,-0.2940233804959734,-0.1986407111140881,4.697224724831898,-0.21275124198149986,0.9091194426417101,0.7898563662970037,-1.8610102038095744
334,-3.7707128737635016,-4.494289628640141,0.4296322489385138,0.08905020633746447,4.0816922426237925,-0.3701568570063629,-1.194045282134321,1.7078167299457423,-0.658661133447583
335,-2.9947103791132603,-7.3724960199351885,0.9143784481634792,1.146950151329508,4.028159649661656,-1.1308229951247304,-0.09195962584376842,2.725706666847914,-1.6206800156055732
336,-3.60046132651499,-3.06588047920147,0.24848171542168623,-0.9456615887282445,0.5796538214359419,-0.8474495542984617,1.0066155418168767,1.8859752492700324,-1.962371774770171
337,-2.8619331956429868,-4.78389205866927,0.6646024527495622,-0.20608716367900118,0.6663240796080051,-1.0313157006586693,0.9528858765241002,1.703225116272166,-1.587314416136075
338,-1.0738969338270106,-4.201252298734841,-0.5168811086006697,-1.897401440867807,-1.5838197695860556,1.2689751686676438,3.578607879913389,0.4602588821369105,-1.9247225303265327
339,-0.7516835009106488,-0.5155356447885948,-1.6376375599612414,-5.431134523065821,-2.0901222932413943,-0.7494226964665748,2.5546619042310588,-0.22960234306235805,-2.26301528081375
340,-1.9156508329682669,2.7484003230073757,-1.8427757031746987,-3.8579867408551665,-0.6881722107105572,-1.8141604347979814,2.9731586013186826,-0.31524242479712994,-2.7521050697886342
341,-2.101034582425804,4.212434981641137,-1.7995931515721515,-3.246414700136905,-0.02445616387395307,-1.4954628599525472,2.9489280924089654,-1.5694000161499366,-2.4136636602217876
342,-0.48438497430358074,2.5520181088526543,-2.2757186429447716,-2.9935284641383064,-0.12946282315851776,-1.4780222472103701,2.5041707750724904,-0.7923537094754126,-2.3669213252749337
343,-0.0992195379812999,0.6904274169499572,-2.135913066595296,-3.554714015646185,-1.0152122564019361,0.16529462681994328,2.3204820888506053,-1.5749347001354594,-0.5764309797778582
344,1.0730524550783367,-1.6406443050762474,-2.0478212327444503,-3.8713067629676043,-2.875924854801773,0.5857359054475962,1.8017693960642998,-0.6670754557047657,0.2145262821410751
345,0.591509346401355,0.5442810796620673,-2.123735559581797,-3.4989853714646415,-1.6100277994571974,1.1586693237741785,1.4687282166028082,-1.0449804380952437,-0.9369028850632564
346,0.48462451487347297,-0.7238447263560563,-1.7011321249754305,-3.5141642717931316,0.4349897883942586,1.8343974672051144,2.1287900444025936,-0.8841455496705026,-0.994751680268771
347,-0.6290533996021517,0.8577507135637318,-1.8159673490105717,-1.5230205813986908,0.4642544439991352,0.39505716451030104,1.6418327286624619,-1.2407316352218771,-0.41351663443854125
348,-0.5442367955725923,1.972475107193939,-2.494831221993651,-1.840506301742825,0.9720747090499406,-1.6898619825605001,0.06626601343326675,-1.0356303839415613,1.0263329768934049
349,-0.9119988638129287,1.4556583829977987,-2.152538981058397,-2.4412776729741346,1.9968461981471584,-0.2940050739580936,-1.1303234864241822,-0.6099480922390836,2.0568137102284814
350,-0.9033814842166998,0.8156512492797013,-1.9963813941069497,-3.0597071654802535,2.20719469877768,-0.2890558983727513,0.24303894863257752,-0.09709403745444746,0.14269871240420842
351,-0.9059165385586415,-3.533281411200345,-0.3385645691973688,-4.114320895300443,3.7132826971615587,0.5715158763410297,1.8546474370570547,0.7932018227129548,-1.3842115088580502
352,-3.3308209074333393,-5.322635461672487,1.1930917464052058,0.8157553388025014,5.168516467455266,1.2025626621338132,0.9162008342288389,1.603829122892011,-1.0743347001815355
353,-1.8777409892989512,-4.701030994971289,0.7457755936175804,3.775072542914219,0.28214703749390746,1.6822882685819964,2.8403954460083303,1.324840780671348,-0.35962143766233146
354,0.5793287855804179,-0.21404881177625026,-1.9943121549142762,-0.5521549218579596,-1.095830396234652,0.12803229237866953,2.996969325061497,-0.7426042148163883,-0.03919716521157481
355,1.0008998909884652,2.898015889667125,-2.8248500963356022,-3.7446435071934165,1.325807655921771,0.3428273004487458,1.1448366696297527,-1.4041558172526285,0.9248395476891702
356,-1.0520294486084054,5.293329775554626,-2.1395178574525393,-1.3031051441637338,3.8285945027910535,-1.346228950423885,2.084878216199845,-0.028568954501463083,-0.6733438174594117
357,0.023501565703491403,-0.19337295684065833,-1.286724809694954,-2.9061301205088106,2.960062807354351,0.46268568408654864,1.392088642621935,0.04885205969086876,-0.25036487735468793
358,-0.010049445714982714,-1.060308446914068,-1.2951678103713573,-4.100092185193999,2.37445597787985,0.7756112993392448,1.0488124934170695,0.11381934435984625,0.46223721984654575
359,-0.7811647472404247,0.7285564749096732,-1.1970056460903498,-3.6815216896473886,3.9040100570916727,0.6006836232555682,1.4801029918871,-0.3061473707679465,-0.11655713606460376
360,-1.7545381412893204,1.479860634181892,-1.068462045943042,-1.0043953634581695,3.9851540929600766,-2.194001904853983,2.425704321984311,0.2734402634985086,-1.494498714533717
361,-0.5184951542820126,-2.054320673789266,-0.9268327072511411,0.6786868797663275,5.476338107916182,-4.258190731842658,-0.39536195847780714,1.2101030553781946,0.14574132700509304
362,0.46253215177819823,-5.411334135833839,-0.9612400360000208,-0.1882369048857066,4.4722669342517705,-2.3904476992676993,-1.1244300091224586,1.3613167667051491,0.38757760533271934
363,-1.3560625838106413,-4.912889580789876,-0.4116680457110442,1.867901890972364,4.31655152327248,-3.0703688398811493,-1.8537946071950246,1.4348030841086707,0.4424040806663324
364,-0.10661721734248347,-4.936675069258422,-0.7669255886545328,2.376085083449168,-0.8387519764726721,-3.1897048651183386,1.8073790589525138,1.2171598257990897,-2.1828984736363983
365,2.1701450516331,-4.6603592923172945,-1.6095429236436214,1.2983495413048678,0.06532436950192351,-4.021036996000329,0.4518746662921312,-0.3161819423835549,-0.9452671398262321
366,3.2364491796340857,-6.612361513474851,-2.2037407232487243,-1.232055794387106,-2.518964860577439,-2.733051898816246,0.25316296331831956,0.7122183577082897,-1.0364862381905788
367,2.8833866895196327,-4.146961778647295,-2.1548493294376194,-1.9275309814568202,-3.3417016760768603,-0.5191529538437547,0.8950877191330571,-0.8395436388745598,-0.9554016770558295
368,3.412720001749748,-0.04361535498471447,-3.168027832455863,-3.881722471520723,-0.38718002183032546,-1.337389527516503,2.8290961839918425,-1.4475058134657781,-0.6652269512101784
369,3.3953917144560233,1.1638142786875874,-2.0134419042650307,-3.4638191064122603,1.8620733218363652,1.1385436245255671,2.824774253057709,-0.7283530528359122,-1.0012025027277915
370,2.496960765312008,-0.4543828390584333,-1.5980926161578235,-1.3774448389395404,1.267979049886974,-0.028433628321614442,3.653519092455075,-0.5580023218167361,-0.8200427191380402
371,3.5049677951481644,0.8264368907348298,-2.617013227386304,-4.220169643119675,0.15893888318902227,-1.2608831514159344,2.7602723721459204,-1.4716663608857192,-1.3752591319372784
372,2.6308707149307873,2.4529419516873667,-3.0429197245337742,-3.769898440022275,2.509954791322165,-0.9795308002513394,2.682940549099645,-0.4512439771490266,-1.257376667280289
373,2.5312712722324737,0.9426507774370053,-2.6036348757930026,-4.680954939121593,0.957245612415291,-0.3552970113602467,1.0347208086266075,0.32749237482911053,-0.036638675883018376
374,2.2078969048688846,1.07770427460012,-2.7490401359314225,-4.394089693942177,1.387338506242067,-0.8254778518098903,0.7517215969338217,-0.10732584615630839,1.2302280442673281
375,3.3425800960808147,-0.7648208335954146,-2.747146852288517,-3.4685407789830114,0.7557422710578817,-1.7273782885349487,1.6560581762950626,-0.021529256244676834,-0.4061751503582207
376,2.5055753356934454,-4.123697001534915,-1.854615408118756,-4.649539489167309,0.45381983938983345,-0.11658102757372009,0.4078338198269676,0.2547087200256513,0.2600537561499425
377,3.0818718948144554,-2.335749605125015,-2.3378254495316892,-5.573059209038504,-0.21780756850287664,-1.0403971786971626,0.7977802094902904,0.4720791375956961,-0.1582741707767172
378,3.488043512464515,-1.6741392994381934,-2.4382013777268217,-5.445946462435141,0.19368556861940728,0.04925848403133791,1.0343706259478846,0.6815393035259489,0.07792878459097674
379,3.8639489524497077,-1.631268014047432,-2.414261602253483,-5.425393450930341,-0.144986603819881,0.0130260309038991,0.6749957478868809,0.09248883610622752,0.23889331928081425
380,3.3879804965617706,-1.289936666466231,-2.412913204342664,-4.1534878222349425,-0.6955203730239375,-0.19704209584982932,2.711791555634262,-0.546472265024057,-0.15314524259150555
381,3.587343762130231,1.0364575594920697,-2.742755061273972,-4.22589026148718,2.5198436388644616,0.44821631440140347,2.571999326856786,-0.8167979374360016,-0.3424685543396746
382,2.803221195758867,-0.6594520907896186,-2.3399073070377825,-5.5354865265126,1.496105478002794,0.8884745844817797,1.908916199914731,-0.6916066784223537,0.8815067172360072
383,2.9508250372890013,-0.7262058936757226,-2.430319259551362,-4.507759518642315,3.7086894768386465,-0.5283683638955398,0.8682723726171253,-0.6795585145775083,1.7226298649054486
384,3.327708949330154,-1.1975749504107736,-2.7781405736559135,-2.233622961239394,0.9480824434551194,-1.9955988668727667,-0.48728367198290184,-0.08676862220172035,2.5563961127563304
385,5.318838643405445,0.8351544043643313,-3.566552083007057,-1.7540692122010773,-1.6987006199081764,-3.932407552987877,1.9837457997253396,-0.2376949691201005,0.46925839647729317
386,5.682259665527522,1.2433769636946286,-3.881752945848899,-3.752178922221438,1.454465357222547,-0.9058096260679294,-0.11388863805659612,-0.631229521342423,2.2443178645256046
387,5.942149587912823,-0.3987006966030466,-3.509682389561948,-3.584125350756003,2.4103362759694984,-1.460226934770694,-0.24196415319101236,0.06870165291890604,1.268338507360707
388,6.000889549177964,-2.7422291444584395,-3.332807531563717,-1.4443185954346827,-0.858081636030067,-2.43078079059725,0.33471776623391886,0.24522303692073252,1.1198057582096541
389,6.745093521770892,-7.104451087783253,-2.4196854210837673,1.3569204368385916,-1.4854802595554886,-1.6764624190628685,1.0177572924365637,0.2216676718849597,-1.0481507348252441
390,6.344163879329934,-6.872684391866145,-2.750092276306879,3.217995992630112,-1.4719169081186823,-3.046133738203006,0.2468838358814722,0.6217892975409589,-1.5022231522954046
391,6.71459547112697,-5.271569342177712,-2.98472146120692,1.8412616010197855,-4.182476679562797,-2.6453528438166076,0.40363370398426707,-0.484763168619915,-0.3452063695636103
392,7.2929907375527465,-2.833197936652748,-3.6891491094554043,-0.04436388189738525,-2.3162650848330446,-1.380165919995463,1.1148215680651385,-0.666080876953944,-0.4875103030851505
393,6.8798338363907465,-4.863445662408532,-1.9036765026795035,-0.07119856039370094,0.9666439404020085,3.084121224040172,1.1920127530937807,0.5064855299956522,-0.49631561829395865
394,5.488325420076597,-6.116197682848748,-1.8385759431081516,2.8253727091883754,2.384893303315734,-0.6479964735171468,0.5498877879675435,1.4803250159658317,-0.31754712772165483
395,6.561013934531501,-4.612197548329545,-2.923857474162474,1.1035428072625577,-3.7186899615853495,-1.7327196427158178,1.7015855310425005,0.19785272051121483,-0.6497202975347227
396,7.93390164870096,-3.0151916576169966,-3.3879911892984316,0.5949606010348841,0.9608887442548124,0.14547844283680245,1.2582415039640322,-0.41622846920804063,-0.5605252011162112
397,6.5757315241045005,-6.191978874566264,-2.3094558176809903,1.1167874958469988,-0.6137767603652764,-1.049775884449294,-0.1953390245146936,0.47932685962852595,-0.360407805534455
398,7.289191573888694,-4.793161819234949,-3.494858340972371,-0.2147639745692472,-2.2037769662617785,-2.171078818355138,0.8077037207048623,-0.29130518152821616,-0.9293061660317257
399,8.356894332187721,-3.3462574689981865,-3.685269621990163,-0.9734866271147183,-1.770810292664474,-0.7899245629280671,1.1453108556378995,-0.5637367152339756,-0.9380130423493145
400,8.11549625821017,-2.53215371010062,-3.7427637155315363,2.704786652629235,1.4285856973597595,-2.7893646406990626,0.6324832504437968,0.022669351288343336,-1.1836762176441997
401,7.181822770429438,-5.007011870469676,-2.6951596366855393,2.9245237722307396,-0.4354563265997742,-2.828227296597036,0.4354542146870065,1.0720974625525468,-1.6788612484316756
402,7.500849797926283,-4.738778123940756,-3.1192712122210366,1.232063726561147,-0.9320436175106686,-2.935117344951718,0.7669401381115482,0.026509313944707187,-1.6551657612155755
403,7.140695495232487,-5.285822390655816,-2.7298300291012074,2.354980438114209,-1.2505095749490973,-2.749928843305674,0.8325645355802717,-0.36391022510331184,-1.9515264023886536
404,7.256320526762045,-2.780343828544494,-3.6460036606496415,-2.519948958791091,-2.269885179687789,-1.0202192028838428,2.2163267827824638,-1.0238564613861103,-1.976904804711513
405,7.093863638456255,-2.0062715605660206,-3.3099571560644945,-4.283002406145688,0.8036384391461955,0.4908630398823628,3.201278187454039,-0.9599901375480425,-1.7476590459762076
406,5.452784498585408,-0.7918544085154796,-2.915802256698967,-5.541949032843364,1.7802478452978066,0.2897885792424022,2.8258179075893626,-0.7196730912716958,-1.089623714409689
407,5.804889558502636,-0.6864548383649852,-2.839798507971491,-6.054463519109612,2.139255509304301,0.5842115568931133,2.5812877909914347,-0.48802764037677626,-0.46277446578611364
408,5.355639558345776,-0.6892556003542019,-2.7799883726802235,-6.954503248655788,1.2732131032023308,1.1472777393079263,3.096570995103201,-0.5950861397548918,-0.2540427880589384
409,4.723523272983834,1.958707088166226,-3.187141940059997,-6.5910377860344145,-0.0088642375397355,0.2520322962121253,2.8225607924488934,-1.058471478641707,1.6254689620627163
410,5.613686535838052,1.514884560834572,-3.596765135677284,-7.341984245197321,1.2451910201687846,0.5285344085849962,1.8034028307744292,-0.6268477879282961,1.8031072040812235
411,6.482886777683791,0.9272211507706893,-3.4894611266577753,-6.952003201086268,1.3324888544096756,0.5717387040196239,1.7671027150396543,-0.5414558575201726,1.3747986780338985
412,5.716729542219406,0.6734659475817101,-3.5768079389637912,-4.9255227140745745,1.5841115791251696,0.26498639987092026,0.3713506258054603,-0.8182973519329791,3.032768458334253
413,6.6853732136225235,2.6490095364732276,-4.139292263720393,-2.2450749288417318,1.6142280838027991,-1.4814594287051075,0.3681894623896647,-0.5194729482137883,2.2096769505488325
414,8.060925649743005,4.150211811160681,-5.149311622159493,-2.3359920004599832,1.7233690160722712,-3.9269995395933823,1.273812507330694,-0.12449282234874413,0.7396896580657878
415,8.524971543065625,2.7063660434343917,-4.768382465573958,-1.5893143016972637,3.034374278117383,-1.5469891739147927,0.24327921356561805,-0.1349040374200939,0.27810780820439557
416,7.797661770044834,-1.7889158474045166,-3.6852946042758736,-0.41785568773029846,3.556332754024296,-0.898872960562922,-0.2200591324168601,0.1728552836631108,0.4593085560515984
417,5.4405258071391005,-5.428008971928386,-2.4813250602500823,0.07381819920130704,1.1993628335145234,-1.6078929451683388,-1.6366151894824816,0.7646908061971683,1.1434206582072337
418,6.618365000759698,-4.899337188080386,-3.5532982081113245,1.5734833965040216,-0.6730838062485364,-3.407268624767577,-1.0082399452914261,1.15566611649564,0.4673099563629205
419,7.355682522985647,-3.900660849976414,-3.8083430081908736,-0.1195721794575659,0.032565704011171655,-4.046627532687245,-0.9708207906618215,-0.14016271161913776,0.2113390835134839
420,6.353848075318139,-5.711423919025764,-2.9634810160736773,0.5163670320919936,1.9721948896255248,-3.7269162806574045,-0.8546920616290188,0.23473766691660874,-1.274390306938747
421,5.356921736855132,-7.2164658328703934,-1.5231883852009824,1.0171277957937654,1.9011398565126332,-1.0785439712877383,0.5261313638462325,0.26694580272431756,-1.543718885962301
422,5.019082217041227,-5.8719304584245755,-1.8440647784728224,-1.8910710538074917,1.4806186658245457,-0.4262520786071581,1.4195384859009639,-0.1459377386870576,-1.2855828459329517
423,3.5798940993776465,-4.406599974415642,-0.9258740185029114,-3.546462882362082,3.097506326472367,0.9271236423975197,2.889126158950263,-0.024802371109133265,-1.6930997461350288
424,2.073171217831641,-1.0847204740004746,-1.2600980089473826,-3.4686600730370873,5.562751074630404,0.40517385776846215,2.7772880778902094,-0.3686843523683395,-0.9810551769143886
425,2.5534499442273852,0.7126228840074958,-1.2003806233070113,-1.5641570355216305,1.8635785739994295,2.548829200966631,-0.40586377236223814,0.01106775186321177,2.0619020569501516
426,4.068291384842093,3.6927719180267715,-2.0182239411975718,-0.50893130200745,-0.7983201957891805,1.389223243203724,1.349243709864257,-0.09258672686150672,1.1866451267007072
427,4.413514205157324,4.435026532140831,-2.4066932021825265,0.5825869559636301,2.4586410583482707,0.8441088958812921,1.577083254985233,-0.11104126194016917,-0.4020518660385859
428,2.5978363683665804,0.7944383785979389,-1.1014817531257526,3.967710728224215,5.751056771680046,0.19104653022048118,0.6428080673106595,0.9329612280409332,-1.9048205600182073
429,3.0142336953350166,-3.7725131006661505,-0.39009654472961264,3.381533573847275,3.7543257682060935,0.06770188446925461,1.0334815517295879,1.8857072355499191,-2.655823106159569
430,4.1578237947988415,-4.0422435102987535,-0.7596134558963636,1.1345784451154433,0.6760918393855845,0.3547647240599201,1.7210930556323747,1.2245828525445983,-1.5711942556076883
431,3.3210953471994156,-6.579260674440594,0.4356753101429344,1.8084110843264207,3.2598506232988242,1.9529451294876006,1.3818905109522708,1.060757610759179,-1.2588975934010471
432,1.3813717549462858,-2.846830881178597,0.9066282197597533,4.016071659607693,1.9003379016604232,2.47938110389753,3.244115733440236,0.6336871439155441,-1.8838236452601556
433,2.1048860931818965,-4.0766514469025745,0.4317519175957068,3.805401835231577,2.3020980996123503,2.7575580560009403,1.7285238429497252,1.1187602622248394,-0.7046419780870258
434,3.1148650632884674,-1.7068544881996148,-0.5894288096849744,3.8315928264758266,1.8360635272137216,1.6009202917627512,2.344760972042913,1.0810069253889403,-0.9033940918598738
